, , , , 
Detector, Descriptor, Frame, TTC Lidar, TTC Camera
Shi_Tomasi, BRISK, 1, 12.5156, 14.1119
Shi_Tomasi, BRISK, 2, 12.6142, 14.7273
Shi_Tomasi, BRISK, 3, 14.091, 13.4904
Shi_Tomasi, BRISK, 4, 16.6894, 12.398
Shi_Tomasi, BRISK, 5, 15.9082, 12.6754
Shi_Tomasi, BRISK, 6, 12.6787, -inf
Shi_Tomasi, BRISK, 7, 11.9844, -inf
Shi_Tomasi, BRISK, 8, 13.1241, -inf
Shi_Tomasi, BRISK, 9, 13.0241, 11.5126
Shi_Tomasi, BRISK, 10, 11.1746, -inf
Shi_Tomasi, BRISK, 11, 12.8086, 11.3024
Shi_Tomasi, BRISK, 12, 8.95978, 11.6524
Shi_Tomasi, BRISK, 13, 9.96439, 11.7243
Shi_Tomasi, BRISK, 14, 9.59863, 11.8781
Shi_Tomasi, BRISK, 15, 8.57352, 9.33785
Shi_Tomasi, BRISK, 16, 9.51617, 11.3079
Shi_Tomasi, BRISK, 17, 9.54658, 11.4487
Shi_Tomasi, BRISK, 18, 8.3988, 9.12792
, , , , 
Detector, Descriptor, Frame, TTC Lidar, TTC Camera
Shi_Tomasi, BRIEF, 1, 12.5156, 13.8948
Shi_Tomasi, BRIEF, 2, 12.6142, 13.1487
Shi_Tomasi, BRIEF, 3, 14.091, 22.6781
Shi_Tomasi, BRIEF, 4, 16.6894, 13.81
Shi_Tomasi, BRIEF, 5, 15.9082, 12.1886
Shi_Tomasi, BRIEF, 6, 12.6787, 15.1561
Shi_Tomasi, BRIEF, 7, 11.9844, 18.3368
Shi_Tomasi, BRIEF, 8, 13.1241, 12.3793
Shi_Tomasi, BRIEF, 9, 13.0241, 12.463
Shi_Tomasi, BRIEF, 10, 11.1746, 13.3448
Shi_Tomasi, BRIEF, 11, 12.8086, 12.2
Shi_Tomasi, BRIEF, 12, 8.95978, 12.2294
Shi_Tomasi, BRIEF, 13, 9.96439, 12.3292
Shi_Tomasi, BRIEF, 14, 9.59863, 12.7102
Shi_Tomasi, BRIEF, 15, 8.57352, 12.9788
Shi_Tomasi, BRIEF, 16, 9.51617, 11.3856
Shi_Tomasi, BRIEF, 17, 9.54658, 13.6063
Shi_Tomasi, BRIEF, 18, 8.3988, 7.75039
, , , , 
Detector, Descriptor, Frame, TTC Lidar, TTC Camera
Shi_Tomasi, ORB, 1, 12.5156, 13.8801
Shi_Tomasi, ORB, 2, 12.6142, 17.7333
Shi_Tomasi, ORB, 3, 14.091, 11.6626
Shi_Tomasi, ORB, 4, 16.6894, 12.1506
Shi_Tomasi, ORB, 5, 15.9082, 12.3305
Shi_Tomasi, ORB, 6, 12.6787, 15.1536
Shi_Tomasi, ORB, 7, 11.9844, 15.0065
Shi_Tomasi, ORB, 8, 13.1241, 12.1848
Shi_Tomasi, ORB, 9, 13.0241, 11.274
Shi_Tomasi, ORB, 10, 11.1746, 13.1345
Shi_Tomasi, ORB, 11, 12.8086, 11.3027
Shi_Tomasi, ORB, 12, 8.95978, 12.7698
Shi_Tomasi, ORB, 13, 9.96439, 12.1119
Shi_Tomasi, ORB, 14, 9.59863, 14.6845
Shi_Tomasi, ORB, 15, 8.57352, 10.2642
Shi_Tomasi, ORB, 16, 9.51617, 13.4357
Shi_Tomasi, ORB, 17, 9.54658, 13.5261
Shi_Tomasi, ORB, 18, 8.3988, 12.0906
, , , , 
Detector, Descriptor, Frame, TTC Lidar, TTC Camera
Shi_Tomasi, ORB, 1, 12.5156, 13.8801
Shi_Tomasi, ORB, 2, 12.6142, 17.7333
Shi_Tomasi, ORB, 3, 14.091, 11.6626
Shi_Tomasi, ORB, 4, 16.6894, 12.1506
Shi_Tomasi, ORB, 5, 15.9082, 12.3305
Shi_Tomasi, ORB, 6, 12.6787, 15.1536
Shi_Tomasi, ORB, 7, 11.9844, 15.0065
Shi_Tomasi, ORB, 8, 13.1241, 12.1848
Shi_Tomasi, ORB, 9, 13.0241, 11.274
Shi_Tomasi, ORB, 10, 11.1746, 13.1345
Shi_Tomasi, ORB, 11, 12.8086, 11.3027
Shi_Tomasi, ORB, 12, 8.95978, 12.7698
Shi_Tomasi, ORB, 13, 9.96439, 12.1119
Shi_Tomasi, ORB, 14, 9.59863, 14.6845
Shi_Tomasi, ORB, 15, 8.57352, 10.2642
Shi_Tomasi, ORB, 16, 9.51617, 13.4357
Shi_Tomasi, ORB, 17, 9.54658, 13.5261
Shi_Tomasi, ORB, 18, 8.3988, 12.0906
, , , , 
Detector, Descriptor, Frame, TTC Lidar, TTC Camera
Shi_Tomasi, FREAK, 1, 12.5156, 13.6546
Shi_Tomasi, FREAK, 2, 12.6142, 13.1487
Shi_Tomasi, FREAK, 3, 14.091, 11.0399
Shi_Tomasi, FREAK, 4, 16.6894, 12.9162
Shi_Tomasi, FREAK, 5, 15.9082, 12.5939
Shi_Tomasi, FREAK, 6, 12.6787, 14.2385
Shi_Tomasi, FREAK, 7, 11.9844, 12.8908
Shi_Tomasi, FREAK, 8, 13.1241, 12.8515
Shi_Tomasi, FREAK, 9, 13.0241, 11.6077
Shi_Tomasi, FREAK, 10, 11.1746, 13.203
Shi_Tomasi, FREAK, 11, 12.8086, 11.8783
Shi_Tomasi, FREAK, 12, 8.95978, 11.7855
Shi_Tomasi, FREAK, 13, 9.96439, 12.26
Shi_Tomasi, FREAK, 14, 9.59863, 11.5161
Shi_Tomasi, FREAK, 15, 8.57352, 10.1
Shi_Tomasi, FREAK, 16, 9.51617, 18.0421
Shi_Tomasi, FREAK, 17, 9.54658, 12.963
Shi_Tomasi, FREAK, 18, 8.3988, 11.2811
, , , , 
Detector, Descriptor, Frame, TTC Lidar, TTC Camera
Shi_Tomasi, SIFT, 1, 12.5156, 14.0746
Shi_Tomasi, SIFT, 2, 12.6142, 14.6503
Shi_Tomasi, SIFT, 3, 14.091, 14.3827
Shi_Tomasi, SIFT, 4, 16.6894, 12.9162
Shi_Tomasi, SIFT, 5, 15.9082, 13.4113
Shi_Tomasi, SIFT, 6, 12.6787, 15.1561
Shi_Tomasi, SIFT, 7, 11.9844, 13.935
Shi_Tomasi, SIFT, 8, 13.1241, 15.3284
Shi_Tomasi, SIFT, 9, 13.0241, 12.4803
Shi_Tomasi, SIFT, 10, 11.1746, 13.2947
Shi_Tomasi, SIFT, 11, 12.8086, 12.3562
Shi_Tomasi, SIFT, 12, 8.95978, 12.7698
Shi_Tomasi, SIFT, 13, 9.96439, 11.6194
Shi_Tomasi, SIFT, 14, 9.59863, 12.7102
Shi_Tomasi, SIFT, 15, 8.57352, 12.3541
Shi_Tomasi, SIFT, 16, 9.51617, 13.3159
Shi_Tomasi, SIFT, 17, 9.54658, 13.5261
Shi_Tomasi, SIFT, 18, 8.3988, 12.0881
, , , , 
Detector, Descriptor, Frame, TTC Lidar, TTC Camera
HARRIS, BRISK, 1, 12.5156, -inf
HARRIS, BRISK, 2, 12.6142, 10.586
HARRIS, BRISK, 3, 14.091, 26.2905
HARRIS, BRISK, 4, 16.6894, 11.5792
HARRIS, BRISK, 5, 15.9082, -inf
HARRIS, BRISK, 6, 12.6787, nan
HARRIS, BRISK, 7, 11.9844, 11.6947
HARRIS, BRISK, 8, 13.1241, 17.6204
HARRIS, BRISK, 9, 13.0241, nan
HARRIS, BRISK, 10, 11.1746, -inf
HARRIS, BRISK, 11, 12.8086, -inf
HARRIS, BRISK, 12, 8.95978, -inf
HARRIS, BRISK, 13, 9.96439, -inf
HARRIS, BRISK, 14, 9.59863, nan
HARRIS, BRISK, 15, 8.57352, -13.6263
HARRIS, BRISK, 16, 9.51617, 6.65726
HARRIS, BRISK, 17, 9.54658, 12.5848
HARRIS, BRISK, 18, 8.3988, -inf
, , , , 
Detector, Descriptor, Frame, TTC Lidar, TTC Camera
HARRIS, BRIEF, 1, 12.5156, 10.9082
HARRIS, BRIEF, 2, 12.6142, nan
HARRIS, BRIEF, 3, 14.091, -inf
HARRIS, BRIEF, 4, 16.6894, 11.5792
HARRIS, BRIEF, 5, 15.9082, 35.3833
HARRIS, BRIEF, 6, 12.6787, 13.5907
HARRIS, BRIEF, 7, 11.9844, 14.2744
HARRIS, BRIEF, 8, 13.1241, -inf
HARRIS, BRIEF, 9, 13.0241, nan
HARRIS, BRIEF, 10, 11.1746, 20.5862
HARRIS, BRIEF, 11, 12.8086, -inf
HARRIS, BRIEF, 12, 8.95978, 12.245
HARRIS, BRIEF, 13, 9.96439, 13.4327
HARRIS, BRIEF, 14, 9.59863, 5.6061
HARRIS, BRIEF, 15, 8.57352, -inf
HARRIS, BRIEF, 16, 9.51617, 6.71705
HARRIS, BRIEF, 17, 9.54658, 12.5848
HARRIS, BRIEF, 18, 8.3988, -inf
, , , , 
Detector, Descriptor, Frame, TTC Lidar, TTC Camera
HARRIS, ORB, 1, 12.5156, 10.9082
HARRIS, ORB, 2, 12.6142, nan
HARRIS, ORB, 3, 14.091, -inf
HARRIS, ORB, 4, 16.6894, 11.5792
HARRIS, ORB, 5, 15.9082, 35.3833
HARRIS, ORB, 6, 12.6787, nan
HARRIS, ORB, 7, 11.9844, 13.497
HARRIS, ORB, 8, 13.1241, -inf
HARRIS, ORB, 9, 13.0241, nan
HARRIS, ORB, 10, 11.1746, 20.5862
HARRIS, ORB, 11, 12.8086, 11.7414
HARRIS, ORB, 12, 8.95978, 12.245
HARRIS, ORB, 13, 9.96439, 568.322
HARRIS, ORB, 14, 9.59863, 5.66097
HARRIS, ORB, 15, 8.57352, -inf
HARRIS, ORB, 16, 9.51617, 10.9325
HARRIS, ORB, 17, 9.54658, 12.5848
HARRIS, ORB, 18, 8.3988, -inf
, , , , 
Detector, Descriptor, Frame, TTC Lidar, TTC Camera
HARRIS, ORB, 1, 12.5156, 10.9082
HARRIS, ORB, 2, 12.6142, nan
HARRIS, ORB, 3, 14.091, -inf
HARRIS, ORB, 4, 16.6894, 11.5792
HARRIS, ORB, 5, 15.9082, 35.3833
HARRIS, ORB, 6, 12.6787, nan
HARRIS, ORB, 7, 11.9844, 13.497
HARRIS, ORB, 8, 13.1241, -inf
HARRIS, ORB, 9, 13.0241, nan
HARRIS, ORB, 10, 11.1746, 20.5862
HARRIS, ORB, 11, 12.8086, 11.7414
HARRIS, ORB, 12, 8.95978, 12.245
HARRIS, ORB, 13, 9.96439, 568.322
HARRIS, ORB, 14, 9.59863, 5.66097
HARRIS, ORB, 15, 8.57352, -inf
HARRIS, ORB, 16, 9.51617, 10.9325
HARRIS, ORB, 17, 9.54658, 12.5848
HARRIS, ORB, 18, 8.3988, -inf
, , , , 
Detector, Descriptor, Frame, TTC Lidar, TTC Camera
HARRIS, FREAK, 1, 12.5156, 21.8164
HARRIS, FREAK, 2, 12.6142, nan
HARRIS, FREAK, 3, 14.091, -80.8525
HARRIS, FREAK, 4, 16.6894, 12.1284
HARRIS, FREAK, 5, 15.9082, 39.584
HARRIS, FREAK, 6, 12.6787, nan
HARRIS, FREAK, 7, 11.9844, 12.3379
HARRIS, FREAK, 7, 11.9844, 12.3379
HARRIS, FREAK, 9, 13.0241, nan
HARRIS, FREAK, 10, 11.1746, -inf
HARRIS, FREAK, 11, 12.8086, -inf
HARRIS, FREAK, 12, 8.95978, -inf
HARRIS, FREAK, 13, 9.96439, 13.4327
HARRIS, FREAK, 14, 9.59863, nan
HARRIS, FREAK, 15, 8.57352, -inf
HARRIS, FREAK, 16, 9.51617, 6.71705
HARRIS, FREAK, 17, 9.54658, nan
HARRIS, FREAK, 18, 8.3988, nan
, , , , 
Detector, Descriptor, Frame, TTC Lidar, TTC Camera
HARRIS, SIFT, 1, 12.5156, 10.9082
HARRIS, SIFT, 2, 12.6142, nan
HARRIS, SIFT, 3, 14.091, -11.4731
HARRIS, SIFT, 4, 16.6894, 11.5792
HARRIS, SIFT, 5, 15.9082, 35.3833
HARRIS, SIFT, 6, 12.6787, 13.6217
HARRIS, SIFT, 7, 11.9844, 13.497
HARRIS, SIFT, 8, 13.1241, -inf
HARRIS, SIFT, 9, 13.0241, nan
HARRIS, SIFT, 10, 11.1746, 10.2931
HARRIS, SIFT, 11, 12.8086, 11.7414
HARRIS, SIFT, 12, 8.95978, 12.245
HARRIS, SIFT, 13, 9.96439, 568.322
HARRIS, SIFT, 14, 9.59863, 5.6061
HARRIS, SIFT, 15, 8.57352, -13.6263
HARRIS, SIFT, 16, 9.51617, 7.03775
HARRIS, SIFT, 17, 9.54658, 12.5848
HARRIS, SIFT, 18, 8.3988, -inf
, , , , 
Detector, Descriptor, Frame, TTC Lidar, TTC Camera
FAST, BRISK, 1, 12.5156, 12.3
FAST, BRISK, 2, 12.6142, 12.3453
FAST, BRISK, 3, 14.091, 16.6163
FAST, BRISK, 4, 16.6894, 12.8857
FAST, BRISK, 5, 15.9082, -inf
FAST, BRISK, 6, 12.6787, 13.0386
FAST, BRISK, 7, 11.9844, 12.041
FAST, BRISK, 8, 13.1241, 11.4066
FAST, BRISK, 9, 13.0241, 11.8684
FAST, BRISK, 10, 11.1746, 13.3473
FAST, BRISK, 11, 12.8086, 12.9492
FAST, BRISK, 12, 8.95978, 12.1174
FAST, BRISK, 13, 9.96439, 12.7784
FAST, BRISK, 14, 9.59863, 11.6077
FAST, BRISK, 15, 8.57352, 11.4079
FAST, BRISK, 16, 9.51617, 12.2566
FAST, BRISK, 17, 9.54658, 9.2933
FAST, BRISK, 18, 8.3988, 11.8606
, , , , 
Detector, Descriptor, Frame, TTC Lidar, TTC Camera
FAST, BRIEF, 1, 12.5156, 11.1776
FAST, BRIEF, 2, 12.6142, 13.0069
FAST, BRIEF, 3, 14.091, 14.8206
FAST, BRIEF, 4, 16.6894, 13.6686
FAST, BRIEF, 5, 15.9082, -inf
FAST, BRIEF, 6, 12.6787, 41.7823
FAST, BRIEF, 7, 11.9844, 12.7583
FAST, BRIEF, 8, 13.1241, 12.7664
FAST, BRIEF, 9, 13.0241, 13.9231
FAST, BRIEF, 10, 11.1746, 16.2141
FAST, BRIEF, 11, 12.8086, 13.6355
FAST, BRIEF, 12, 8.95978, 12.9831
FAST, BRIEF, 13, 9.96439, 13.1487
FAST, BRIEF, 14, 9.59863, 11.7034
FAST, BRIEF, 15, 8.57352, 12.6071
FAST, BRIEF, 16, 9.51617, 13.0069
FAST, BRIEF, 17, 9.54658, 11.2586
FAST, BRIEF, 18, 8.3988, 13.7908
, , , , 
Detector, Descriptor, Frame, TTC Lidar, TTC Camera
FAST, ORB, 1, 12.5156, 11.9993
FAST, ORB, 2, 12.6142, 12.9793
FAST, ORB, 3, 14.091, 16.6163
FAST, ORB, 4, 16.6894, 13.7508
FAST, ORB, 5, 15.9082, -inf
FAST, ORB, 6, 12.6787, 55.9788
FAST, ORB, 7, 11.9844, 12.4264
FAST, ORB, 8, 13.1241, 12.186
FAST, ORB, 9, 13.0241, 12.8711
FAST, ORB, 10, 11.1746, -inf
FAST, ORB, 11, 12.8086, 14.1395
FAST, ORB, 12, 8.95978, 13.1636
FAST, ORB, 13, 9.96439, 13.5629
FAST, ORB, 14, 9.59863, 11.1115
FAST, ORB, 15, 8.57352, 10.8439
FAST, ORB, 16, 9.51617, 11.3939
FAST, ORB, 17, 9.54658, 12.1656
FAST, ORB, 18, 8.3988, 13.7843
, , , , 
Detector, Descriptor, Frame, TTC Lidar, TTC Camera
FAST, ORB, 1, 12.5156, 11.9993
FAST, ORB, 2, 12.6142, 12.9793
FAST, ORB, 3, 14.091, 16.6163
FAST, ORB, 4, 16.6894, 13.7508
FAST, ORB, 5, 15.9082, -inf
FAST, ORB, 6, 12.6787, 55.9788
FAST, ORB, 7, 11.9844, 12.4264
FAST, ORB, 8, 13.1241, 12.186
FAST, ORB, 9, 13.0241, 12.8711
FAST, ORB, 10, 11.1746, -inf
FAST, ORB, 11, 12.8086, 14.1395
FAST, ORB, 12, 8.95978, 13.1636
FAST, ORB, 13, 9.96439, 13.5629
FAST, ORB, 14, 9.59863, 11.1115
FAST, ORB, 15, 8.57352, 10.8439
FAST, ORB, 16, 9.51617, 11.3939
FAST, ORB, 17, 9.54658, 12.1656
FAST, ORB, 18, 8.3988, 13.7843
, , , , 
Detector, Descriptor, Frame, TTC Lidar, TTC Camera
FAST, FREAK, 1, 12.5156, 11.9002
FAST, FREAK, 2, 12.6142, 13.8852
FAST, FREAK, 3, 14.091, 13.2228
FAST, FREAK, 4, 16.6894, 13.8462
FAST, FREAK, 5, 15.9082, 44.8072
FAST, FREAK, 6, 12.6787, 12.5009
FAST, FREAK, 7, 11.9844, 12.2695
FAST, FREAK, 8, 13.1241, 11.5467
FAST, FREAK, 9, 13.0241, -inf
FAST, FREAK, 10, 11.1746, 13.4169
FAST, FREAK, 11, 12.8086, 13.0373
FAST, FREAK, 12, 8.95978, 12.1376
FAST, FREAK, 13, 9.96439, 11.9908
FAST, FREAK, 14, 9.59863, 11.2961
FAST, FREAK, 15, 8.57352, 13.4268
FAST, FREAK, 16, 9.51617, 12.0008
FAST, FREAK, 17, 9.54658, 8.79801
FAST, FREAK, 18, 8.3988, 12.0558
, , , , 
Detector, Descriptor, Frame, TTC Lidar, TTC Camera
FAST, SIFT, 1, 12.5156, 12.313
FAST, SIFT, 2, 12.6142, 12.826
FAST, SIFT, 3, 14.091, 18.7478
FAST, SIFT, 4, 16.6894, 15.4897
FAST, SIFT, 5, 15.9082, -inf
FAST, SIFT, 6, 12.6787, 74.5672
FAST, SIFT, 7, 11.9844, 12.7282
FAST, SIFT, 8, 13.1241, 12.6536
FAST, SIFT, 9, 13.0241, 13.8873
FAST, SIFT, 10, 11.1746, 14.0112
FAST, SIFT, 11, 12.8086, 13.7238
FAST, SIFT, 12, 8.95978, 13.0717
FAST, SIFT, 13, 9.96439, 12.9215
FAST, SIFT, 14, 9.59863, 12.879
FAST, SIFT, 15, 8.57352, 12.6071
FAST, SIFT, 16, 9.51617, 12.9069
FAST, SIFT, 17, 9.54658, 10.4572
FAST, SIFT, 18, 8.3988, 13.1502
, , , , 
Detector, Descriptor, Frame, TTC Lidar, TTC Camera
BRISK, BRISK, 1, 12.5156, 13.031
BRISK, BRISK, 2, 12.6142, 23.1027
BRISK, BRISK, 3, 14.091, 17.5172
BRISK, BRISK, 4, 16.6894, 15.2031
BRISK, BRISK, 5, 15.9082, 28.2877
BRISK, BRISK, 6, 12.6787, 17.6743
BRISK, BRISK, 7, 11.9844, 16.8563
BRISK, BRISK, 8, 13.1241, 23.0521
BRISK, BRISK, 9, 13.0241, 15.1936
BRISK, BRISK, 10, 11.1746, 13.4121
BRISK, BRISK, 11, 12.8086, 12.4948
BRISK, BRISK, 12, 8.95978, 11.0107
BRISK, BRISK, 13, 9.96439, 11.8505
BRISK, BRISK, 14, 9.59863, 12.0376
BRISK, BRISK, 15, 8.57352, 16.061
BRISK, BRISK, 16, 9.51617, 11.2969
BRISK, BRISK, 17, 9.54658, 9.70123
BRISK, BRISK, 18, 8.3988, 11.6176
, , , , 
Detector, Descriptor, Frame, TTC Lidar, TTC Camera
BRISK, BRIEF, 1, 12.5156, 14.863
BRISK, BRIEF, 2, 12.6142, 23.7824
BRISK, BRIEF, 3, 14.091, 18.0446
BRISK, BRIEF, 4, 16.6894, 22.7832
BRISK, BRIEF, 5, 15.9082, 25.5059
BRISK, BRIEF, 6, 12.6787, 56.735
BRISK, BRIEF, 7, 11.9844, 25.2647
BRISK, BRIEF, 8, 13.1241, 18.4064
BRISK, BRIEF, 9, 13.0241, 20.3103
BRISK, BRIEF, 10, 11.1746, 18.4689
BRISK, BRIEF, 11, 12.8086, 21.829
BRISK, BRIEF, 12, 8.95978, 17.7779
BRISK, BRIEF, 13, 9.96439, 17.4963
BRISK, BRIEF, 14, 9.59863, 14.8559
BRISK, BRIEF, 15, 8.57352, 11.054
BRISK, BRIEF, 16, 9.51617, 16.1143
BRISK, BRIEF, 17, 9.54658, 15.0108
BRISK, BRIEF, 18, 8.3988, 17.6601
, , , , 
Detector, Descriptor, Frame, TTC Lidar, TTC Camera
BRISK, ORB, 1, 12.5156, 26.2405
BRISK, ORB, 2, 12.6142, 20.1555
BRISK, ORB, 3, 14.091, 18.0446
BRISK, ORB, 4, 16.6894, 17.1207
BRISK, ORB, 5, 15.9082, 26.3307
BRISK, ORB, 6, 12.6787, 20.629
BRISK, ORB, 7, 11.9844, 20.1205
BRISK, ORB, 8, 13.1241, 16.0691
BRISK, ORB, 9, 13.0241, 15.4645
BRISK, ORB, 10, 11.1746, 12.5995
BRISK, ORB, 11, 12.8086, 13.9703
BRISK, ORB, 12, 8.95978, 14.8314
BRISK, ORB, 13, 9.96439, 11.5189
BRISK, ORB, 14, 9.59863, 12.1556
BRISK, ORB, 15, 8.57352, 11.4651
BRISK, ORB, 16, 9.51617, 17.3574
BRISK, ORB, 17, 9.54658, 10.7717
BRISK, ORB, 18, 8.3988, 12.1291
, , , , 
Detector, Descriptor, Frame, TTC Lidar, TTC Camera
BRISK, ORB, 1, 12.5156, 26.2405
BRISK, ORB, 2, 12.6142, 20.1555
BRISK, ORB, 3, 14.091, 18.0446
BRISK, ORB, 4, 16.6894, 17.1207
BRISK, ORB, 5, 15.9082, 26.3307
BRISK, ORB, 6, 12.6787, 20.629
BRISK, ORB, 7, 11.9844, 20.1205
BRISK, ORB, 8, 13.1241, 16.0691
BRISK, ORB, 9, 13.0241, 15.4645
BRISK, ORB, 10, 11.1746, 12.5995
BRISK, ORB, 11, 12.8086, 13.9703
BRISK, ORB, 12, 8.95978, 14.8314
BRISK, ORB, 13, 9.96439, 11.5189
BRISK, ORB, 14, 9.59863, 12.1556
BRISK, ORB, 15, 8.57352, 11.4651
BRISK, ORB, 16, 9.51617, 17.3574
BRISK, ORB, 17, 9.54658, 10.7717
BRISK, ORB, 18, 8.3988, 12.1291
, , , , 
Detector, Descriptor, Frame, TTC Lidar, TTC Camera
BRISK, FREAK, 1, 12.5156, 12.3601
BRISK, FREAK, 2, 12.6142, 28.3183
BRISK, FREAK, 3, 14.091, 13.9222
BRISK, FREAK, 4, 16.6894, 13.6652
BRISK, FREAK, 5, 15.9082, 22.615
BRISK, FREAK, 6, 12.6787, 16.0739
BRISK, FREAK, 7, 11.9844, 15.4463
BRISK, FREAK, 8, 13.1241, 21.665
BRISK, FREAK, 9, 13.0241, 19.6271
BRISK, FREAK, 10, 11.1746, 13.9062
BRISK, FREAK, 11, 12.8086, 15.9755
BRISK, FREAK, 12, 8.95978, 12.7469
BRISK, FREAK, 13, 9.96439, 16.184
BRISK, FREAK, 14, 9.59863, 12.3014
BRISK, FREAK, 15, 8.57352, 18.2318
BRISK, FREAK, 16, 9.51617, 10.3542
BRISK, FREAK, 17, 9.54658, 9.18413
BRISK, FREAK, 18, 8.3988, 11.2906
, , , , 
Detector, Descriptor, Frame, TTC Lidar, TTC Camera
BRISK, SIFT, 1, 12.5156, 13.1273
BRISK, SIFT, 2, 12.6142, 17.8514
BRISK, SIFT, 3, 14.091, 16.3788
BRISK, SIFT, 4, 16.6894, 13.6674
BRISK, SIFT, 5, 15.9082, 27.708
BRISK, SIFT, 6, 12.6787, 17.2879
BRISK, SIFT, 7, 11.9844, 14.2253
BRISK, SIFT, 8, 13.1241, 17.4067
BRISK, SIFT, 9, 13.0241, 16.5198
BRISK, SIFT, 10, 11.1746, 14.2644
BRISK, SIFT, 11, 12.8086, 12.7231
BRISK, SIFT, 12, 8.95978, 11.8815
BRISK, SIFT, 13, 9.96439, 13.8559
BRISK, SIFT, 14, 9.59863, 10.4874
BRISK, SIFT, 15, 8.57352, 13.3519
BRISK, SIFT, 16, 9.51617, 10.9036
BRISK, SIFT, 17, 9.54658, 10.7831
BRISK, SIFT, 18, 8.3988, 12.3655
, , , , 
Detector, Descriptor, Frame, TTC Lidar, TTC Camera
ORB, BRISK, 1, 12.5156, 37.4084
ORB, BRISK, 2, 12.6142, -inf
ORB, BRISK, 3, 14.091, 36.2012
ORB, BRISK, 4, 16.6894, 21.7788
ORB, BRISK, 5, 15.9082, -inf
ORB, BRISK, 6, 12.6787, 11.1075
ORB, BRISK, 7, 11.9844, -inf
ORB, BRISK, 8, 13.1241, 51.3026
ORB, BRISK, 9, 13.0241, -inf
ORB, BRISK, 10, 11.1746, -inf
ORB, BRISK, 11, 12.8086, 8.46717
ORB, BRISK, 12, 8.95978, -inf
ORB, BRISK, 13, 9.96439, 7.53169
ORB, BRISK, 14, 9.59863, 24.6173
ORB, BRISK, 15, 8.57352, 13.594
ORB, BRISK, 16, 9.51617, -inf
ORB, BRISK, 17, 9.54658, 23.6587
ORB, BRISK, 18, 8.3988, 29.89
, , , , 
Detector, Descriptor, Frame, TTC Lidar, TTC Camera
ORB, BRIEF, 1, 12.5156, 27.5288
ORB, BRIEF, 2, 12.6142, -inf
ORB, BRIEF, 3, 14.091, 113.496
ORB, BRIEF, 4, 16.6894, 16.7244
ORB, BRIEF, 5, 15.9082, 28.5454
ORB, BRIEF, 6, 12.6787, -48.152
ORB, BRIEF, 7, 11.9844, -inf
ORB, BRIEF, 8, 13.1241, 34.6298
ORB, BRIEF, 9, 13.0241, -inf
ORB, BRIEF, 10, 11.1746, 168.345
ORB, BRIEF, 11, 12.8086, 33.5123
ORB, BRIEF, 12, 8.95978, 36.2236
ORB, BRIEF, 13, 9.96439, -inf
ORB, BRIEF, 14, 9.59863, 13.5006
ORB, BRIEF, 15, 8.57352, -inf
ORB, BRIEF, 16, 9.51617, 13.0005
ORB, BRIEF, 17, 9.54658, 20.3758
ORB, BRIEF, 18, 8.3988, 25.8155
, , , , 
Detector, Descriptor, Frame, TTC Lidar, TTC Camera
ORB, ORB, 1, 12.5156, -inf
ORB, ORB, 2, 12.6142, 10.7758
ORB, ORB, 3, 14.091, 33.1568
ORB, ORB, 4, 16.6894, 25.1615
ORB, ORB, 5, 15.9082, -inf
ORB, ORB, 6, 12.6787, 19.5874
ORB, ORB, 7, 11.9844, -inf
ORB, ORB, 8, 13.1241, -inf
ORB, ORB, 9, 13.0241, -inf
ORB, ORB, 10, 11.1746, -inf
ORB, ORB, 11, 12.8086, 10.8962
ORB, ORB, 12, 8.95978, -inf
ORB, ORB, 13, 9.96439, -inf
ORB, ORB, 14, 9.59863, -inf
ORB, ORB, 15, 8.57352, -inf
ORB, ORB, 16, 9.51617, -inf
ORB, ORB, 17, 9.54658, 12.8853
ORB, ORB, 18, 8.3988, -inf
, , , , 
Detector, Descriptor, Frame, TTC Lidar, TTC Camera
ORB, ORB, 1, 12.5156, -inf
ORB, ORB, 2, 12.6142, 10.7758
ORB, ORB, 3, 14.091, 33.1568
ORB, ORB, 4, 16.6894, 25.1615
ORB, ORB, 5, 15.9082, -inf
ORB, ORB, 6, 12.6787, 19.5874
ORB, ORB, 7, 11.9844, -inf
ORB, ORB, 8, 13.1241, -inf
ORB, ORB, 9, 13.0241, -inf
ORB, ORB, 10, 11.1746, -inf
ORB, ORB, 11, 12.8086, 10.8962
ORB, ORB, 12, 8.95978, -inf
ORB, ORB, 13, 9.96439, -inf
ORB, ORB, 14, 9.59863, -inf
ORB, ORB, 15, 8.57352, -inf
ORB, ORB, 16, 9.51617, -inf
ORB, ORB, 17, 9.54658, 12.8853
ORB, ORB, 18, 8.3988, -inf
, , , , 
Detector, Descriptor, Frame, TTC Lidar, TTC Camera
ORB, FREAK, 1, 12.5156, 11.2686
ORB, FREAK, 2, 12.6142, -inf
ORB, FREAK, 3, 14.091, 11.669
ORB, FREAK, 4, 16.6894, 12.605
ORB, FREAK, 5, 15.9082, 167.629
ORB, FREAK, 6, 12.6787, 12.8194
ORB, FREAK, 7, 11.9844, -inf
ORB, FREAK, 8, 13.1241, 11.9978
ORB, FREAK, 9, 13.0241, 20.7736
ORB, FREAK, 10, 11.1746, -inf
ORB, FREAK, 11, 12.8086, 8.34928
ORB, FREAK, 12, 8.95978, 25.9864
ORB, FREAK, 13, 9.96439, 9.59835
ORB, FREAK, 14, 9.59863, 63.442
ORB, FREAK, 15, 8.57352, -inf
ORB, FREAK, 15, 8.57352, -inf
ORB, FREAK, 17, 9.54658, -inf
ORB, FREAK, 18, 8.3988, 8.14326
, , , , 
Detector, Descriptor, Frame, TTC Lidar, TTC Camera
ORB, SIFT, 1, 12.5156, 15.8655
ORB, SIFT, 2, 12.6142, 16.0911
ORB, SIFT, 3, 14.091, 15.3451
ORB, SIFT, 4, 16.6894, 293.964
ORB, SIFT, 5, 15.9082, 59.0092
ORB, SIFT, 6, 12.6787, 15.5425
ORB, SIFT, 7, 11.9844, 129.898
ORB, SIFT, 8, 13.1241, 12.2933
ORB, SIFT, 9, 13.0241, 19.8085
ORB, SIFT, 10, 11.1746, -inf
ORB, SIFT, 11, 12.8086, 7.44098
ORB, SIFT, 12, 8.95978, -inf
ORB, SIFT, 13, 9.96439, 65.2345
ORB, SIFT, 14, 9.59863, 12.8361
ORB, SIFT, 15, 8.57352, -inf
ORB, SIFT, 16, 9.51617, 13.2776
ORB, SIFT, 17, 9.54658, 21.392
ORB, SIFT, 18, 8.3988, 17.0851
, , , , 
Detector, Descriptor, Frame, TTC Lidar, TTC Camera
AKAZE, BRISK, 1, 12.5156, 16.6557
AKAZE, BRISK, 2, 12.6142, 20.3352
AKAZE, BRISK, 3, 14.091, 13.3659
AKAZE, BRISK, 4, 16.6894, 17.5261
AKAZE, BRISK, 5, 15.9082, 18.0806
AKAZE, BRISK, 6, 12.6787, 14.7084
AKAZE, BRISK, 7, 11.9844, 15.8833
AKAZE, BRISK, 8, 13.1241, 13.9229
AKAZE, BRISK, 9, 13.0241, 13.8234
AKAZE, BRISK, 10, 11.1746, 15.7516
AKAZE, BRISK, 11, 12.8086, 12.3627
AKAZE, BRISK, 12, 8.95978, 15.532
AKAZE, BRISK, 13, 9.96439, 10.0855
AKAZE, BRISK, 14, 9.59863, 14.1883
AKAZE, BRISK, 15, 8.57352, 17.3489
AKAZE, BRISK, 16, 9.51617, 13.8749
AKAZE, BRISK, 17, 9.54658, 11.5526
AKAZE, BRISK, 18, 8.3988, 8.92524
, , , , 
Detector, Descriptor, Frame, TTC Lidar, TTC Camera
AKAZE, BRIEF, 1, 12.5156, 19.0025
AKAZE, BRIEF, 2, 12.6142, 15.0455
AKAZE, BRIEF, 3, 14.091, 16.3543
AKAZE, BRIEF, 4, 16.6894, 13.8482
AKAZE, BRIEF, 5, 15.9082, 18.0853
AKAZE, BRIEF, 6, 12.6787, 19.7851
AKAZE, BRIEF, 7, 11.9844, 21.0141
AKAZE, BRIEF, 8, 13.1241, 14.121
AKAZE, BRIEF, 9, 13.0241, 21.3561
AKAZE, BRIEF, 10, 11.1746, 11.5709
AKAZE, BRIEF, 11, 12.8086, 15.7328
AKAZE, BRIEF, 12, 8.95978, 17.6087
AKAZE, BRIEF, 13, 9.96439, 10.1939
AKAZE, BRIEF, 14, 9.59863, 14.1695
AKAZE, BRIEF, 15, 8.57352, 15.078
AKAZE, BRIEF, 16, 9.51617, 11.8398
AKAZE, BRIEF, 17, 9.54658, 11.0314
AKAZE, BRIEF, 18, 8.3988, 10.4702
, , , , 
Detector, Descriptor, Frame, TTC Lidar, TTC Camera
AKAZE, ORB, 1, 12.5156, 15.9469
AKAZE, ORB, 2, 12.6142, 19.9608
AKAZE, ORB, 3, 14.091, 15.4594
AKAZE, ORB, 4, 16.6894, 16.9392
AKAZE, ORB, 5, 15.9082, 15.8082
AKAZE, ORB, 6, 12.6787, 20.2502
AKAZE, ORB, 7, 11.9844, 21.2964
AKAZE, ORB, 8, 13.1241, 20.762
AKAZE, ORB, 9, 13.0241, 21.0915
AKAZE, ORB, 10, 11.1746, 11.5597
AKAZE, ORB, 11, 12.8086, 16.191
AKAZE, ORB, 12, 8.95978, 11.4861
AKAZE, ORB, 13, 9.96439, 13.9327
AKAZE, ORB, 14, 9.59863, 12.2712
AKAZE, ORB, 15, 8.57352, 10.2055
AKAZE, ORB, 16, 9.51617, 9.73338
AKAZE, ORB, 17, 9.54658, 11.0158
AKAZE, ORB, 18, 8.3988, 11.8134
, , , , 
Detector, Descriptor, Frame, TTC Lidar, TTC Camera
AKAZE, ORB, 1, 12.5156, 15.9469
AKAZE, ORB, 2, 12.6142, 19.9608
AKAZE, ORB, 3, 14.091, 15.4594
AKAZE, ORB, 4, 16.6894, 16.9392
AKAZE, ORB, 5, 15.9082, 15.8082
AKAZE, ORB, 6, 12.6787, 20.2502
AKAZE, ORB, 7, 11.9844, 21.2964
AKAZE, ORB, 8, 13.1241, 20.762
AKAZE, ORB, 9, 13.0241, 21.0915
AKAZE, ORB, 10, 11.1746, 11.5597
AKAZE, ORB, 11, 12.8086, 16.191
AKAZE, ORB, 12, 8.95978, 11.4861
AKAZE, ORB, 13, 9.96439, 13.9327
AKAZE, ORB, 14, 9.59863, 12.2712
AKAZE, ORB, 15, 8.57352, 10.2055
AKAZE, ORB, 16, 9.51617, 9.73338
AKAZE, ORB, 17, 9.54658, 11.0158
AKAZE, ORB, 18, 8.3988, 11.8134
, , , , 
Detector, Descriptor, Frame, TTC Lidar, TTC Camera
AKAZE, FREAK, 1, 12.5156, 13.0099
AKAZE, FREAK, 2, 12.6142, 15.7044
AKAZE, FREAK, 3, 14.091, 16.028
AKAZE, FREAK, 4, 16.6894, 14.1762
AKAZE, FREAK, 5, 15.9082, 16.2229
AKAZE, FREAK, 6, 12.6787, 14.4455
AKAZE, FREAK, 7, 11.9844, 15.372
AKAZE, FREAK, 8, 13.1241, 20.6109
AKAZE, FREAK, 9, 13.0241, 21.3561
AKAZE, FREAK, 10, 11.1746, 11.8941
AKAZE, FREAK, 11, 12.8086, 12.162
AKAZE, FREAK, 12, 8.95978, 16.9222
AKAZE, FREAK, 13, 9.96439, 10.6851
AKAZE, FREAK, 14, 9.59863, 9.87627
AKAZE, FREAK, 15, 8.57352, 9.89452
AKAZE, FREAK, 16, 9.51617, 13.4374
AKAZE, FREAK, 17, 9.54658, 11.0174
AKAZE, FREAK, 18, 8.3988, 8.79442
, , , , 
Detector, Descriptor, Frame, TTC Lidar, TTC Camera
AKAZE, AKAZE, 1, 12.5156, 14.1092
AKAZE, AKAZE, 2, 12.6142, 19.3702
AKAZE, AKAZE, 3, 14.091, 14.6982
AKAZE, AKAZE, 4, 16.6894, 14.2488
AKAZE, AKAZE, 5, 15.9082, 16.4623
AKAZE, AKAZE, 6, 12.6787, 18.819
AKAZE, AKAZE, 7, 11.9844, 16.0062
AKAZE, AKAZE, 8, 13.1241, 19.157
AKAZE, AKAZE, 9, 13.0241, 19.2298
AKAZE, AKAZE, 10, 11.1746, 15.7359
AKAZE, AKAZE, 11, 12.8086, 14.7002
AKAZE, AKAZE, 12, 8.95978, 13.718
AKAZE, AKAZE, 13, 9.96439, 11.0846
AKAZE, AKAZE, 14, 9.59863, 13.7665
AKAZE, AKAZE, 15, 8.57352, 13.9045
AKAZE, AKAZE, 16, 9.51617, 12.4994
AKAZE, AKAZE, 17, 9.54658, 10.8614
AKAZE, AKAZE, 18, 8.3988, 11.0561
, , , , 
Detector, Descriptor, Frame, TTC Lidar, TTC Camera
AKAZE, AKAZE, 1, 12.5156, 14.1092
AKAZE, AKAZE, 2, 12.6142, 19.3702
AKAZE, AKAZE, 3, 14.091, 14.6982
AKAZE, AKAZE, 4, 16.6894, 14.2488
AKAZE, AKAZE, 5, 15.9082, 16.4623
AKAZE, AKAZE, 6, 12.6787, 18.819
AKAZE, AKAZE, 7, 11.9844, 16.0062
AKAZE, AKAZE, 8, 13.1241, 19.157
AKAZE, AKAZE, 9, 13.0241, 19.2298
AKAZE, AKAZE, 10, 11.1746, 15.7359
AKAZE, AKAZE, 11, 12.8086, 14.7002
AKAZE, AKAZE, 12, 8.95978, 13.718
AKAZE, AKAZE, 13, 9.96439, 11.0846
AKAZE, AKAZE, 14, 9.59863, 13.7665
AKAZE, AKAZE, 15, 8.57352, 13.9045
AKAZE, AKAZE, 16, 9.51617, 12.4994
AKAZE, AKAZE, 17, 9.54658, 10.8614
AKAZE, AKAZE, 18, 8.3988, 11.0561
, , , , 
Detector, Descriptor, Frame, TTC Lidar, TTC Camera
AKAZE, SIFT, 1, 12.5156, 12.1702
AKAZE, SIFT, 2, 12.6142, 19.6201
AKAZE, SIFT, 3, 14.091, 15.4951
AKAZE, SIFT, 4, 16.6894, 16.3802
AKAZE, SIFT, 5, 15.9082, 19.5266
AKAZE, SIFT, 6, 12.6787, 22.9059
AKAZE, SIFT, 7, 11.9844, 15.5453
AKAZE, SIFT, 8, 13.1241, 17.5596
AKAZE, SIFT, 9, 13.0241, 16.7731
AKAZE, SIFT, 10, 11.1746, 12.9801
AKAZE, SIFT, 11, 12.8086, 13.419
AKAZE, SIFT, 12, 8.95978, 13.2617
AKAZE, SIFT, 13, 9.96439, 14.5664
AKAZE, SIFT, 14, 9.59863, 14.3813
AKAZE, SIFT, 15, 8.57352, 14.4444
AKAZE, SIFT, 16, 9.51617, 10.0024
AKAZE, SIFT, 17, 9.54658, 11.0174
AKAZE, SIFT, 18, 8.3988, 10.5579
, , , , 
Detector, Descriptor, Frame, TTC Lidar, TTC Camera
SIFT, BRISK, 1, 12.5156, 12.2506
SIFT, BRISK, 3, 14.091, 21.4077
SIFT, BRISK, 5, 15.9082, 23.9242
SIFT, BRISK, 7, 11.9844, 15.5788
SIFT, BRISK, 9, 13.0241, 12.5821
SIFT, BRISK, 11, 12.8086, 13.6225
SIFT, BRISK, 13, 9.96439, 9.85855
SIFT, BRISK, 15, 8.57352, 12.3265
SIFT, BRISK, 17, 9.54658, 9.47992
, , , , 
Detector, Descriptor, Frame, TTC Lidar, TTC Camera
SIFT, BRIEF, 1, 12.5156, 11.9436
SIFT, BRIEF, 3, 14.091, 15.5012
SIFT, BRIEF, 5, 15.9082, 14.7056
SIFT, BRIEF, 7, 11.9844, 15.1492
SIFT, BRIEF, 9, 13.0241, 12.009
SIFT, BRIEF, 11, 12.8086, 11.9281
SIFT, BRIEF, 13, 9.96439, 9.52669
SIFT, BRIEF, 15, 8.57352, 9.24158
SIFT, BRIEF, 17, 9.54658, 10.8549
, , , , 
Detector, Descriptor, Frame, TTC Lidar, TTC Camera
SIFT, FREAK, 1, 12.5156, 12.0485
SIFT, FREAK, 3, 14.091, 14.1195
SIFT, FREAK, 5, 15.9082, 16.4509
SIFT, FREAK, 7, 11.9844, 15.2205
SIFT, FREAK, 9, 13.0241, 14.2745
SIFT, FREAK, 11, 12.8086, 16.9532
SIFT, FREAK, 13, 9.96439, 11.4831
SIFT, FREAK, 15, 8.57352, 9.48731
SIFT, FREAK, 17, 9.54658, 9.40456
, , , , 
Detector, Descriptor, Frame, TTC Lidar, TTC Camera
SIFT, SIFT, 1, 12.5156, 11.3868
SIFT, SIFT, 2, 12.6142, 12.4937
SIFT, SIFT, 3, 14.091, 12.9327
SIFT, SIFT, 4, 16.6894, 18.8184
SIFT, SIFT, 5, 15.9082, 12.4983
SIFT, SIFT, 6, 12.6787, 11.2969
SIFT, SIFT, 7, 11.9844, 13.5231
SIFT, SIFT, 8, 13.1241, 15.0608
SIFT, SIFT, 9, 13.0241, 12.9662
SIFT, SIFT, 10, 11.1746, 10.5698
SIFT, SIFT, 11, 12.8086, 11.2481
SIFT, SIFT, 12, 8.95978, 10.9771
SIFT, SIFT, 13, 9.96439, 13.5733
SIFT, SIFT, 14, 9.59863, 10.5836
SIFT, SIFT, 15, 8.57352, 9.77464
SIFT, SIFT, 16, 9.51617, 9.05267
SIFT, SIFT, 17, 9.54658, 8.69186
SIFT, SIFT, 18, 8.3988, 8.93007
